{"accuracy": [0.8229433298110962, 0.8869912028312683, 0.886706531047821, 0.8972388505935669, 0.8818673491477966, 0.9023626446723938, 0.9128949642181396, 0.9180187582969666, 0.9094790816307068], "loss": [0.41485869884490967, 0.2783675193786621, 0.27497413754463196, 0.2665860056877136, 0.28322890400886536, 0.2538594901561737, 0.21962220966815948, 0.21195127069950104, 0.2111814320087433], "val_accuracy": [0.8966695070266724, 0.9257045388221741, 0.9342442154884338, 0.9368061423301697, 0.8753202557563782, 0.8522630333900452, 0.9197267293930054, 0.9120410084724426, 0.9205806851387024], "val_loss": [0.41911861300468445, 0.31361284852027893, 0.22632528841495514, 0.19395247101783752, 0.30503374338150024, 0.3826518952846527, 0.19909855723381042, 0.2128094881772995, 0.19459567964076996], "learning_rate": [0.0010000000474974513, 0.0010000000474974513, 0.0010000000474974513, 0.0010000000474974513, 0.0010000000474974513, 0.0010000000474974513, 0.00010000000474974513, 0.00010000000474974513, 1.0000000656873453e-05]}